[
    {
        "model": "core.country",
        "pk": "1",
        "fields": {
            "name": "Brasil",
            "initials": "BRA"
        }
    },
    {
        "model": "core.state",
        "pk": "1",
        "fields": {
            "id_country": "1",
            "name": "Acre",
            "initials": "AC"
        }
    },
    {
        "model": "core.state",
        "pk": "2",
        "fields": {
            "id_country": "1",
            "name": "Alagoas",
            "initials": "AL"
        }
    },
    {
        "model": "core.state",
        "pk": "3",
        "fields": {
            "id_country": "1",
            "name": "Amapá",
            "initials": "AP"
        }
    },
    {
        "model": "core.state",
        "pk": "4",
        "fields": {
            "id_country": "1",
            "name": "Amazonas",
            "initials": "AM"
        }
    },
    {
        "model": "core.state",
        "pk": "5",
        "fields": {
            "id_country": "1",
            "name": "Bahia",
            "initials": "BA"
        }
    },
    {
        "model": "core.state",
        "pk": "6",
        "fields": {
            "id_country": "1",
            "name": "Ceará",
            "initials": "CE"
        }
    },
    {
        "model": "core.state",
        "pk": "7",
        "fields": {
            "id_country": "1",
            "name": "Distrito Federal",
            "initials": "DF"
        }
    },
    {
        "model": "core.state",
        "pk": "8",
        "fields": {
            "id_country": "1",
            "name": "Espirito Santo",
            "initials": "ES"
        }
    },
    {
        "model": "core.state",
        "pk": "9",
        "fields": {
            "id_country": "1",
            "name": "Goiás",
            "initials": "GO"
        }
    },
    {
        "model": "core.state",
        "pk": "10",
        "fields": {
            "id_country": "1",
            "name": "Maranhão",
            "initials": "MA"
        }
    },
    {
        "model": "core.state",
        "pk": "11",
        "fields": {
            "id_country": "1",
            "name": "Mato Grosso",
            "initials": "MG"
        }
    },
    {
        "model": "core.state",
        "pk": "12",
        "fields": {
            "id_country": "1",
            "name": "Mato Grosso do Sul",
            "initials": "MS"
        }
    },
    {
        "model": "core.state",
        "pk": "13",
        "fields": {
            "id_country": "1",
            "name": "Minas Gerais",
            "initials": "MG"
        }
    },
    {
        "model": "core.state",
        "pk": "14",
        "fields": {
            "id_country": "1",
            "name": "Pará",
            "initials": "PA"
        }
    },
    {
        "model": "core.state",
        "pk": "15",
        "fields": {
            "id_country": "1",
            "name": "Paraíba",
            "initials": "PB"
        }
    },
    {
        "model": "core.state",
        "pk": "16",
        "fields": {
            "id_country": "1",
            "name": "Pernambuco",
            "initials": "PE"
        }
    },
    {
        "model": "core.state",
        "pk": "17",
        "fields": {
            "id_country": "1",
            "name": "Piauí",
            "initials": "PI"
        }
    },
    {
        "model": "core.state",
        "pk": "18",
        "fields": {
            "id_country": "1",
            "name": "Rio de Janeiro",
            "initials": "RJ"
        }
    },
    {
        "model": "core.state",
        "pk": "19",
        "fields": {
            "id_country": "1",
            "name": "Rio Grande do Norte",
            "initials": "RN"
        }
    },
    {
        "model": "core.state",
        "pk": "20",
        "fields": {
            "id_country": "1",
            "name": "Rio Grande do Sul",
            "initials": "RS"
        }
    },
    {
        "model": "core.state",
        "pk": "21",
        "fields": {
            "id_country": "1",
            "name": "Rondônia",
            "initials": "RO"
        }
    },
    {
        "model": "core.state",
        "pk": "22",
        "fields": {
            "id_country": "1",
            "name": "Roraima",
            "initials": "RR"
        }
    },
    {
        "model": "core.state",
        "pk": "23",
        "fields": {
            "id_country": "1",
            "name": "Santa Catarina",
            "initials": "SC"
        }
    },
    {
        "model": "core.state",
        "pk": "24",
        "fields": {
            "id_country": "1",
            "name": "São Paulo",
            "initials": "SP"
        }
    },
    {
        "model": "core.state",
        "pk": "25",
        "fields": {
            "id_country": "1",
            "name": "Sergipe",
            "initials": "SE"
        }
    },
    {
        "model": "core.state",
        "pk": "26",
        "fields": {
            "id_country": "1",
            "name": "Tocantins",
            "initials": "TO"
        }
    },
    {
        "model": "core.city",
        "pk": "1",
        "fields": {
            "id_state": "1",
            "city_name": "Rio Branco",
            "initials": "Riob"
        }
    },
    {
        "model": "core.city",
        "pk": "2",
        "fields": {
            "id_state": "2",
            "city_name": "Maceió",
            "initials": "Mace"
        }
    },
    {
        "model": "core.city",
        "pk": "3",
        "fields": {
            "id_state": "3",
            "city_name": "Macapá",
            "initials": "Maca"
        }
    },
    {
        "model": "core.city",
        "pk": "4",
        "fields": {
            "id_state": "4",
            "city_name": "Manaus",
            "initials": "Mana"
        }
    },
    {
        "model": "core.city",
        "pk": "5",
        "fields": {
            "id_state": "5",
            "city_name": "Salvador",
            "initials": "Sal"
        }
    },
    {
        "model": "core.city",
        "pk": "6",
        "fields": {
            "id_state": "6",
            "city_name": "Fortaleza",
            "initials": "Fort"
        }
    },
    {
        "model": "core.city",
        "pk": "7",
        "fields": {
            "id_state": "7",
            "city_name": "Brasília",
            "initials": "Bras"
        }
    },
    {
        "model": "core.city",
        "pk": "8",
        "fields": {
            "id_state": "8",
            "city_name": "Vitória",
            "initials": "Vit"
        }
    },
    {
        "model": "core.city",
        "pk": "9",
        "fields": {
            "id_state": "9",
            "city_name": "Goiânia",
            "initials": "Goi"
        }
    },
    {
        "model": "core.city",
        "pk": "10",
        "fields": {
            "id_state": "10",
            "city_name": "São Luís",
            "initials": "Mara"
        }
    },
    {
        "model": "core.city",
        "pk": "11",
        "fields": {
            "id_state": "11",
            "city_name": "Cuiabá",
            "initials": "Cui"
        }
    },
    {
        "model": "core.city",
        "pk": "12",
        "fields": {
            "id_state": "12",
            "city_name": "Dourados",
            "initials": "Dou"
        }
    },
    {
        "model": "core.city",
        "pk": "13",
        "fields": {
            "id_state": "13",
            "city_name": "Belo Horizonte",
            "initials": "Beloh"
        }
    },
    {
        "model": "core.city",
        "pk": "14",
        "fields": {
            "id_state": "13",
            "city_name": "Leopoldina",
            "initials": "Leop"
        }
    },
    {
        "model": "core.city",
        "pk": "15",
        "fields": {
            "id_state": "14",
            "city_name": "Belém",
            "initials": "Bel"
        }
    },
    {
        "model": "core.city",
        "pk": "16",
        "fields": {
            "id_state": "15",
            "city_name": "João Pessoa",
            "initials": "Joa"
        }
    },
    {
        "model": "core.city",
        "pk": "17",
        "fields": {
            "id_state": "16",
            "city_name": "Recife",
            "initials": "Rec"
        }
    },
    {
        "model": "core.city",
        "pk": "18",
        "fields": {
            "id_state": "17",
            "city_name": "Teresina",
            "initials": "Ter"
        }
    },
    {
        "model": "core.city",
        "pk": "19",
        "fields": {
            "id_state": "18",
            "city_name": "Angra dos Reis",
            "initials": "Angr"
        }
    },
    {
        "model": "core.city",
        "pk": "20",
        "fields": {
            "id_state": "18",
            "city_name": "Barra da Tijuca",
            "initials": "Barr"
        }
    },
    {
        "model": "core.city",
        "pk": "21",
        "fields": {
            "id_state": "19",
            "city_name": "Natal",
            "initials": "Nat"
        }
    },
    {
        "model": "core.city",
        "pk": "22",
        "fields": {
            "id_state": "20",
            "city_name": "Porto Alegre",
            "initials": "Port"
        }
    },
    {
        "model": "core.city",
        "pk": "23",
        "fields": {
            "id_state": "21",
            "city_name": "Porto Velho",
            "initials": "Porv"
        }
    },
    {
        "model": "core.city",
        "pk": "24",
        "fields": {
            "id_state": "22",
            "city_name": "Boa Vista",
            "initials": "Boav"
        }
    },
    {
        "model": "core.city",
        "pk": "25",
        "fields": {
            "id_state": "23",
            "city_name": "Florianópolis",
            "initials": "Flor"
        }
    },
    {
        "model": "core.city",
        "pk": "26",
        "fields": {
            "id_state": "24",
            "city_name": "Campinas",
            "initials": "Camp"
        }
    },
    {
        "model": "core.city",
        "pk": "27",
        "fields": {
            "id_state": "25",
            "city_name": "Aracaju",
            "initials": "Ara"
        }
    },
    {
        "model": "core.city",
        "pk": "28",
        "fields": {
            "id_state": "26",
            "city_name": "Palmas",
            "initials": "Pal"
        }
    },
    {
        "model": "core.SourcePme",
        "pk": "1",
        "fields": {
            "display_name": "BR_CARAJAS.FRONTEIRA",
            "description": "1"
        }
    },
    {
        "model": "assets.Submarket",
        "pk": "1",
        "fields": {
            "description": "N",
            "status": "A"
        }
    },
    {
        "model": "assets.Submarket",
        "pk": "2",
        "fields": {
            "description": "NE",
            "status": "A"
        }
    },
    {
        "model": "assets.Submarket",
        "pk": "3",
        "fields": {
            "description": "SE/CO",
            "status": "A"
        }
    },
    {
        "model": "assets.Submarket",
        "pk": "4",
        "fields": {
            "description": "S",
            "status": "A"
        }
    },
    {
        "model": "core.SourcePme",
        "pk": "2",
        "fields": {
            "display_name": "BR_ITABIRA_2.FRONTEIRA",
            "description": "1"
        }
    },
    {
        "model": "core.SourcePme",
        "pk": "3",
        "fields": {
            "display_name": "BR_CVGR.FRONTEIRA_01",
            "description": "1"
        }
    },
    {
        "model": "core.SourcePme",
        "pk": "4",
        "fields": {
            "display_name": "BR_CVGR.FRONTEIRA_02",
            "description": "1"
        }
    },
    {
        "model": "core.SourcePme",
        "pk": "5",
        "fields": {
            "display_name": "BR_ALEGRIA.FRONTEIRA",
            "description": "1"
        }
    },
    {
        "model": "core.SourcePme",
        "pk": "6",
        "fields": {
            "display_name": "BR_CAJATI.FRONTEIRA",
            "description": "1"
        }
    },
    {
        "model": "core.SourcePme",
        "pk": "10665",
        "fields": {
            "display_name": "BR_ARAXA.FRONTEIRA",
            "description": "0"
        }
    },
    {
        "model": "core.SourcePme",
        "pk": "10666",
        "fields": {
            "display_name": "BR_ARAXA.FRONTEIRA_01",
            "description": "0"
        }
    },
    {
        "model": "core.SourcePme",
        "pk": "10667",
        "fields": {
            "display_name": "BR_ARAXA.FRONTEIRA_02",
            "description": "0"
        }
    },
    {
        "model": "core.SourcePme",
        "pk": "10668",
        "fields": {
            "display_name": "BR_BARBACENA.FRONTEIRA",
            "description": "0"
        }
    },
    {
        "model": "core.SourcePme",
        "pk": "10669",
        "fields": {
            "display_name": "BR_BRUCUTU.FRONTEIRA",
            "description": "0"
        }
    },
    {
        "model": "core.SourcePme",
        "pk": "10670",
        "fields": {
            "display_name": "BR_BUNGE_CUB_3.FRONTEIRA",
            "description": "0"
        }
    },
    {
        "model": "core.SourcePme",
        "pk": "10671",
        "fields": {
            "display_name": "BR_CARAJAS.FRONTEIRA_01",
            "description": "0"
        }
    },
    {
        "model": "core.SourcePme",
        "pk": "10672",
        "fields": {
            "display_name": "BR_CARAJAS.FRONTEIRA_02",
            "description": "0"
        }
    },
    {
        "model": "core.SourcePme",
        "pk": "10673",
        "fields": {
            "display_name": "BR_CATALAO.FRONTEIRA",
            "description": "0"
        }
    },
    {
        "model": "core.SourcePme",
        "pk": "10674",
        "fields": {
            "display_name": "BR_CAUE.FRONTEIRA",
            "description": "0"
        }
    },
    {
        "model": "core.SourcePme",
        "pk": "10675",
        "fields": {
            "display_name": "BR_CCB_CUB_1.FRONTEIRA",
            "description": "0"
        }
    },
    {
        "model": "core.SourcePme",
        "pk": "10676",
        "fields": {
            "display_name": "BR_CCB_CUB_1.FRONTEIRA_01",
            "description": "0"
        }
    },
    {
        "model": "core.SourcePme",
        "pk": "10677",
        "fields": {
            "display_name": "BR_CCB_CUB_1.FRONTEIRA_02",
            "description": "0"
        }
    },
    {
        "model": "core.SourcePme",
        "pk": "10678",
        "fields": {
            "display_name": "BR_CDM.FRONTEIRA",
            "description": "0"
        }
    },
    {
        "model": "core.SourcePme",
        "pk": "10679",
        "fields": {
            "display_name": "BR_CONCEICAO_1.FRONTEIRA",
            "description": "0"
        }
    },
    {
        "model": "core.SourcePme",
        "pk": "10680",
        "fields": {
            "display_name": "BR_CONCEICAO_1_ADEQUACAO.FRONTEIRA",
            "description": "0"
        }
    },
    {
        "model": "core.SourcePme",
        "pk": "10681",
        "fields": {
            "display_name": "BR_CONCEICAO_2.FRONTEIRA",
            "description": "0"
        }
    },
    {
        "model": "core.SourcePme",
        "pk": "10682",
        "fields": {
            "display_name": "BR_CONCEICAO_ITAB.FRONTEIRA",
            "description": "0"
        }
    },
    {
        "model": "core.SourcePme",
        "pk": "10683",
        "fields": {
            "display_name": "BR_CORREGO_FEIJAO.FRONTEIRA",
            "description": "0"
        }
    },
    {
        "model": "core.SourcePme",
        "pk": "10684",
        "fields": {
            "display_name": "BR_CPBS.FRONTEIRA",
            "description": "0"
        }
    },
    {
        "model": "core.SourcePme",
        "pk": "10685",
        "fields": {
            "display_name": "BR_CVGR_1.FRONTEIRA",
            "description": "0"
        }
    },
    {
        "model": "core.SourcePme",
        "pk": "10686",
        "fields": {
            "display_name": "BR_CVGR_2.FRONTEIRA",
            "description": "BR_CVGR_PELOTIZACAO.FRONTEIRA"
        }
    },
    {
        "model": "core.SourcePme",
        "pk": "10687",
        "fields": {
            "display_name": "BR_CVGR_PELOTIZACAO.FRONTEIRA",
            "description": "0"
        }
    },
    {
        "model": "core.SourcePme",
        "pk": "10688",
        "fields": {
            "display_name": "BR_CVGR_PICO.FRONTEIRA",
            "description": "0"
        }
    },
    {
        "model": "core.SourcePme",
        "pk": "10689",
        "fields": {
            "display_name": "BR_FAB_FAB_PELT.FRONTEIRA",
            "description": "0"
        }
    },
    {
        "model": "core.SourcePme",
        "pk": "10690",
        "fields": {
            "display_name": "BR_FABRICA.FRONTEIRA",
            "description": "0"
        }
    },
    {
        "model": "core.SourcePme",
        "pk": "10691",
        "fields": {
            "display_name": "BR_FABRICA_NOVA.FRONTEIRA",
            "description": "0"
        }
    },
    {
        "model": "core.SourcePme",
        "pk": "10692",
        "fields": {
            "display_name": "BR_FABRICA_PLOT.FRONTEIRA",
            "description": "0"
        }
    },
    {
        "model": "core.SourcePme",
        "pk": "10693",
        "fields": {
            "display_name": "BR_FERTILIZANTES.FRONTEIRA",
            "description": "0"
        }
    },
    {
        "model": "core.SourcePme",
        "pk": "10694",
        "fields": {
            "display_name": "BR_FOSPAR.FRONTEIRA",
            "description": "0"
        }
    },
    {
        "model": "core.SourcePme",
        "pk": "10695",
        "fields": {
            "display_name": "BR_GONGO_SOCO.FRONTEIRA",
            "description": "0"
        }
    },
    {
        "model": "core.SourcePme",
        "pk": "10696",
        "fields": {
            "display_name": "BR_HISP_ITA_PELT_UTIPOR_UTISER1.FRONTEIRA_01",
            "description": "0"
        }
    },
    {
        "model": "core.SourcePme",
        "pk": "10697",
        "fields": {
            "display_name": "BR_HISP_ITA_PELT_UTIPOR_UTISER1.FRONTEIRA_02",
            "description": "0"
        }
    },
    {
        "model": "core.SourcePme",
        "pk": "10698",
        "fields": {
            "display_name": "BR_HISP_ITA_PELT_UTIPOR_UTISER1.FRONTEIRA_03",
            "description": "0"
        }
    },
    {
        "model": "core.SourcePme",
        "pk": "10699",
        "fields": {
            "display_name": "BR_HISP_ITA_PELT_UTIPOR_UTISER1.FRONTEIRA_04",
            "description": "0"
        }
    },
    {
        "model": "core.SourcePme",
        "pk": "10700",
        "fields": {
            "display_name": "BR_HISP_ITA_PELT_UTIPOR_UTISER1.FRONTEIRA_05",
            "description": "0"
        }
    },
    {
        "model": "core.SourcePme",
        "pk": "10701",
        "fields": {
            "display_name": "BR_HISPANOBRAS.FRONTEIRA",
            "description": "0"
        }
    },
    {
        "model": "core.SourcePme",
        "pk": "10702",
        "fields": {
            "display_name": "BR_ITABIRA.FRONTEIRA",
            "description": "0"
        }
    },
    {
        "model": "core.SourcePme",
        "pk": "10703",
        "fields": {
            "display_name": "BR_ITABIRA_4.FRONTEIRA",
            "description": "0"
        }
    },
    {
        "model": "core.SourcePme",
        "pk": "10704",
        "fields": {
            "display_name": "BR_ITABRASCO.FRONTEIRA",
            "description": "0"
        }
    },
    {
        "model": "core.SourcePme",
        "pk": "10705",
        "fields": {
            "display_name": "BR_JANGADA.FRONTEIRA",
            "description": "0"
        }
    },
    {
        "model": "core.SourcePme",
        "pk": "10706",
        "fields": {
            "display_name": "BR_KOB_NIB_UTISER2.FRONTEIRA_01",
            "description": "0"
        }
    },
    {
        "model": "core.SourcePme",
        "pk": "10707",
        "fields": {
            "display_name": "BR_KOB_NIB_UTISER2.FRONTEIRA_02",
            "description": "0"
        }
    },
    {
        "model": "core.SourcePme",
        "pk": "10708",
        "fields": {
            "display_name": "BR_KOB_NIB_UTISER2.FRONTEIRA_03",
            "description": "0"
        }
    },
    {
        "model": "core.SourcePme",
        "pk": "10709",
        "fields": {
            "display_name": "BR_KOB_NIB_UTISER2.FRONTEIRA_04",
            "description": "0"
        }
    },
    {
        "model": "core.SourcePme",
        "pk": "10710",
        "fields": {
            "display_name": "BR_KOB_NIB_UTISER2.FRONTEIRA_05",
            "description": "0"
        }
    },
    {
        "model": "core.SourcePme",
        "pk": "10711",
        "fields": {
            "display_name": "BR_KOBRASCO.FRONTEIRA",
            "description": "0"
        }
    },
    {
        "model": "core.SourcePme",
        "pk": "10712",
        "fields": {
            "display_name": "BR_MAC.FRONTEIRA",
            "description": "0"
        }
    },
    {
        "model": "core.SourcePme",
        "pk": "10713",
        "fields": {
            "display_name": "BR_MOSAIC_CUB_4.FRONTEIRA",
            "description": "0"
        }
    },
    {
        "model": "core.SourcePme",
        "pk": "10714",
        "fields": {
            "display_name": "BR_MOSAIC_CUB_4.FRONTEIRA_02",
            "description": "0"
        }
    },
    {
        "model": "core.SourcePme",
        "pk": "10715",
        "fields": {
            "display_name": "BR_NIBRASCO.FRONTEIRA",
            "description": "0"
        }
    },
    {
        "model": "core.SourcePme",
        "pk": "10716",
        "fields": {
            "display_name": "BR_ONCA_PUMA.FRONTEIRA",
            "description": "0"
        }
    },
    {
        "model": "core.SourcePme",
        "pk": "10717",
        "fields": {
            "display_name": "BR_ONCA_PUMA.FRONTEIRA_01",
            "description": "0"
        }
    },
    {
        "model": "core.SourcePme",
        "pk": "10718",
        "fields": {
            "display_name": "BR_ONCA_PUMA.FRONTEIRA_02",
            "description": "0"
        }
    },
    {
        "model": "core.SourcePme",
        "pk": "10719",
        "fields": {
            "display_name": "BR_ONCA_PUMA.FRONTEIRA_03",
            "description": "0"
        }
    },
    {
        "model": "core.SourcePme",
        "pk": "10720",
        "fields": {
            "display_name": "BR_ONCA_PUMA.FRONTEIRA_04",
            "description": "0"
        }
    },
    {
        "model": "core.SourcePme",
        "pk": "10721",
        "fields": {
            "display_name": "BR_ONCA_PUMA.FRONTEIRA_05",
            "description": "0"
        }
    },
    {
        "model": "core.SourcePme",
        "pk": "10722",
        "fields": {
            "display_name": "BR_OURO_PRETO.FRONTEIRA",
            "description": "0"
        }
    },
    {
        "model": "core.SourcePme",
        "pk": "10723",
        "fields": {
            "display_name": "BR_PELOT_SAO_LUIS.FRONTEIRA",
            "description": "0"
        }
    },
    {
        "model": "core.SourcePme",
        "pk": "10724",
        "fields": {
            "display_name": "BR_PELOT_SAO_LUIS.FRONTEIRA_01",
            "description": "0"
        }
    },
    {
        "model": "core.SourcePme",
        "pk": "10725",
        "fields": {
            "display_name": "BR_PELOT_SAO_LUIS.FRONTEIRA_02",
            "description": "0"
        }
    },
    {
        "model": "core.SourcePme",
        "pk": "10726",
        "fields": {
            "display_name": "BR_PELOT_SAO_LUIS.FRONTEIRA_03",
            "description": "0"
        }
    },
    {
        "model": "core.SourcePme",
        "pk": "10727",
        "fields": {
            "display_name": "BR_PELOT_SAO_LUIS.FRONTEIRA_04",
            "description": "0"
        }
    },
    {
        "model": "core.SourcePme",
        "pk": "10728",
        "fields": {
            "display_name": "BR_PELOTIZACAO_1_2.FRONTEIRA",
            "description": "0"
        }
    },
    {
        "model": "core.SourcePme",
        "pk": "10729",
        "fields": {
            "display_name": "BR_PELOTIZACAO_VIT_1_2.FRONTEIRA",
            "description": "0"
        }
    },
    {
        "model": "core.SourcePme",
        "pk": "10730",
        "fields": {
            "display_name": "BR_PIACAGUERA_CUB_2.FRONTEIRA",
            "description": "0"
        }
    },
    {
        "model": "core.SourcePme",
        "pk": "10731",
        "fields": {
            "display_name": "BR_PIACAGUERA_CUB_2.FRONTEIRA_01",
            "description": "0"
        }
    },
    {
        "model": "core.SourcePme",
        "pk": "10732",
        "fields": {
            "display_name": "BR_PIACAGUERA_CUB_2.FRONTEIRA_02",
            "description": "0"
        }
    },
    {
        "model": "core.SourcePme",
        "pk": "10733",
        "fields": {
            "display_name": "BR_PICO.FRONTEIRA",
            "description": "0"
        }
    },
    {
        "model": "core.SourcePme",
        "pk": "10734",
        "fields": {
            "display_name": "BR_PORTO_GC.FRONTEIRA",
            "description": "0"
        }
    },
    {
        "model": "core.SourcePme",
        "pk": "10735",
        "fields": {
            "display_name": "BR_PORTO_GC.FRONTEIRA_02",
            "description": "0"
        }
    },
    {
        "model": "core.SourcePme",
        "pk": "10736",
        "fields": {
            "display_name": "BR_PORTO_SAO_LUIS.FRONTEIRA",
            "description": "0"
        }
    },
    {
        "model": "core.SourcePme",
        "pk": "10737",
        "fields": {
            "display_name": "BR_PORTO_SAO_LUIS.FRONTEIRA_01",
            "description": "0"
        }
    },
    {
        "model": "core.SourcePme",
        "pk": "10738",
        "fields": {
            "display_name": "BR_POTASSIO.FRONTEIRA",
            "description": "0"
        }
    },
    {
        "model": "core.SourcePme",
        "pk": "10739",
        "fields": {
            "display_name": "BR_S11D.FRONTEIRA",
            "description": "0"
        }
    },
    {
        "model": "core.SourcePme",
        "pk": "10740",
        "fields": {
            "display_name": "BR_SALOBO.FRONTEIRA",
            "description": "0"
        }
    },
    {
        "model": "core.SourcePme",
        "pk": "10741",
        "fields": {
            "display_name": "BR_SANTA_CRUZ.FRONTEIRA",
            "description": "0"
        }
    },
    {
        "model": "core.SourcePme",
        "pk": "10742",
        "fields": {
            "display_name": "BR_SIMOES_FILHO.FRONTEIRA",
            "description": "0"
        }
    },
    {
        "model": "core.SourcePme",
        "pk": "10743",
        "fields": {
            "display_name": "BR_SOSSEGO.FRONTEIRA",
            "description": "0"
        }
    },
    {
        "model": "core.SourcePme",
        "pk": "10744",
        "fields": {
            "display_name": "BR_TAMANDUA.FRONTEIRA",
            "description": "0"
        }
    },
    {
        "model": "core.SourcePme",
        "pk": "10745",
        "fields": {
            "display_name": "BR_TAPIRA.FRONTEIRA",
            "description": "0"
        }
    },
    {
        "model": "core.SourcePme",
        "pk": "10746",
        "fields": {
            "display_name": "BR_TERM_CARG_MIN.FRONTEIRA",
            "description": "0"
        }
    },
    {
        "model": "core.SourcePme",
        "pk": "10747",
        "fields": {
            "display_name": "BR_TERMINAL_DE_CARGA_GERAL.FRONTEIRA",
            "description": "0"
        }
    },
    {
        "model": "core.SourcePme",
        "pk": "10748",
        "fields": {
            "display_name": "BR_TERMINAL_DE_MINERIO.FRONTEIRA",
            "description": "0"
        }
    },
    {
        "model": "core.SourcePme",
        "pk": "10749",
        "fields": {
            "display_name": "BR_TIG.FRONTEIRA",
            "description": "0"
        }
    },
    {
        "model": "core.SourcePme",
        "pk": "10750",
        "fields": {
            "display_name": "BR_TIG.FRONTEIRA_01",
            "description": "0"
        }
    },
    {
        "model": "core.SourcePme",
        "pk": "10751",
        "fields": {
            "display_name": "BR_TIG.FRONTEIRA_02",
            "description": "0"
        }
    },
    {
        "model": "core.SourcePme",
        "pk": "10752",
        "fields": {
            "display_name": "BR_TIMBOPEBA.FRONTEIRA",
            "description": "0"
        }
    },
    {
        "model": "core.SourcePme",
        "pk": "10753",
        "fields": {
            "display_name": "BR_UBERABA.FRONTEIRA",
            "description": "0"
        }
    },
    {
        "model": "core.SourcePme",
        "pk": "10754",
        "fields": {
            "display_name": "BR_UBERABA_BOMB.FRONTEIRA",
            "description": "0"
        }
    },
    {
        "model": "core.SourcePme",
        "pk": "10755",
        "fields": {
            "display_name": "BR_URUCUM.FRONTEIRA",
            "description": "0"
        }
    },
    {
        "model": "core.SourcePme",
        "pk": "10756",
        "fields": {
            "display_name": "BR_USINA_VIII.FRONTEIRA",
            "description": "0"
        }
    },
    {
        "model": "core.SourcePme",
        "pk": "10757",
        "fields": {
            "display_name": "BR_USINA_VIII.FRONTEIRA_01",
            "description": "0"
        }
    },
    {
        "model": "core.SourcePme",
        "pk": "10758",
        "fields": {
            "display_name": "BR_USINA_VIII.FRONTEIRA_02",
            "description": "0"
        }
    },
    {
        "model": "core.SourcePme",
        "pk": "10759",
        "fields": {
            "display_name": "BR_UTILIDADES_PORTUARIAS.FRONTEIRA",
            "description": "0"
        }
    },
    {
        "model": "core.SourcePme",
        "pk": "10760",
        "fields": {
            "display_name": "BR_UTILIDADES_SER1.FRONTEIRA",
            "description": "0"
        }
    },
    {
        "model": "core.SourcePme",
        "pk": "10761",
        "fields": {
            "display_name": "BR_UTILIDADES_SER2.FRONTEIRA",
            "description": "0"
        }
    },
    {
        "model": "core.SourcePme",
        "pk": "10762",
        "fields": {
            "display_name": "BR_VG_PELOTIZACAO.FRONTEIRA",
            "description": "0"
        }
    },
    {
        "model": "core.SourcePme",
        "pk": "10763",
        "fields": {
            "display_name": "BR_VG_PICO.FRONTEIRA_01",
            "description": "0"
        }
    },
    {
        "model": "core.SourcePme",
        "pk": "10764",
        "fields": {
            "display_name": "BR_VG_PICO.FRONTEIRA_02",
            "description": "0"
        }
    },
    {
        "model": "core.SourcePme",
        "pk": "10765",
        "fields": {
            "display_name": "BR_AGUA_LIMPA.FRONTEIRA",
            "description": "BR_AGUA_LIMPA.FRONTEIRA"
        }
    },
    {
        "model": "core.SourcePme",
        "pk": "10766",
        "fields": {
            "display_name": "SSIS.TEST",
            "description": "SSIS.TEST"
        }
    },
    {
        "model": "core.SourcePme",
        "pk": "10767",
        "fields": {
            "display_name": "SSIS.TEST2",
            "description": "SSIS.TEST2"
        }
    },
    {
        "model": "core.SourcePme",
        "pk": "10768",
        "fields": {
            "display_name": "SSISPM.TEST3",
            "description": "SSISPM.TEST3"
        }
    }
]
    